SELECT 1;



INSERT INTO HUMIDITY_LOG VALUES (CURRENT_TIMESTAMP, 10);
INSERT INTO HUMIDITY_LOG VALUES (DATEADD('MINUTE', -1, CURRENT_TIMESTAMP), 10);
INSERT INTO HUMIDITY_LOG VALUES (DATEADD('HOUR', -1, CURRENT_TIMESTAMP), 10);
INSERT INTO HUMIDITY_LOG VALUES (DATEADD('HOUR', -2, CURRENT_TIMESTAMP), 1);
INSERT INTO HUMIDITY_LOG VALUES (DATEADD('HOUR', -3, CURRENT_TIMESTAMP), 13);
INSERT INTO HUMIDITY_LOG VALUES (DATEADD('HOUR', -4, CURRENT_TIMESTAMP), 4);
INSERT INTO HUMIDITY_LOG VALUES (DATEADD('HOUR', -5, CURRENT_TIMESTAMP), 0);
INSERT INTO HUMIDITY_LOG VALUES (DATEADD('HOUR', -6, CURRENT_TIMESTAMP), 19);
INSERT INTO HUMIDITY_LOG VALUES (DATEADD('HOUR', -7, CURRENT_TIMESTAMP), 10);


INSERT INTO LIGHT_LOG VALUES (CURRENT_TIMESTAMP, 1);
INSERT INTO LIGHT_LOG VALUES (DATEADD('MINUTE', -1, CURRENT_TIMESTAMP), 13);
INSERT INTO LIGHT_LOG VALUES (DATEADD('HOUR', -1, CURRENT_TIMESTAMP), 0);
INSERT INTO LIGHT_LOG VALUES (DATEADD('HOUR', -2, CURRENT_TIMESTAMP), 6);
INSERT INTO LIGHT_LOG VALUES (DATEADD('HOUR', -3, CURRENT_TIMESTAMP), 11);
INSERT INTO LIGHT_LOG VALUES (DATEADD('HOUR', -4, CURRENT_TIMESTAMP), 4);
INSERT INTO LIGHT_LOG VALUES (DATEADD('HOUR', -5, CURRENT_TIMESTAMP), 2);
INSERT INTO LIGHT_LOG VALUES (DATEADD('HOUR', -6, CURRENT_TIMESTAMP), 9);
INSERT INTO LIGHT_LOG VALUES (DATEADD('HOUR', -7, CURRENT_TIMESTAMP), 1);


INSERT INTO TEMPERATURE_LOG VALUES (CURRENT_TIMESTAMP, 1);
INSERT INTO TEMPERATURE_LOG VALUES (DATEADD('MINUTE', -1, CURRENT_TIMESTAMP), 7);
INSERT INTO TEMPERATURE_LOG VALUES (DATEADD('HOUR', -1, CURRENT_TIMESTAMP), 2);
INSERT INTO TEMPERATURE_LOG VALUES (DATEADD('HOUR', -2, CURRENT_TIMESTAMP), 1);
INSERT INTO TEMPERATURE_LOG VALUES (DATEADD('HOUR', -3, CURRENT_TIMESTAMP), 11);
INSERT INTO TEMPERATURE_LOG VALUES (DATEADD('HOUR', -4, CURRENT_TIMESTAMP), 3);
INSERT INTO TEMPERATURE_LOG VALUES (DATEADD('HOUR', -5, CURRENT_TIMESTAMP), 4);
INSERT INTO TEMPERATURE_LOG VALUES (DATEADD('HOUR', -6, CURRENT_TIMESTAMP), 1);
INSERT INTO TEMPERATURE_LOG VALUES (DATEADD('HOUR', -7, CURRENT_TIMESTAMP), 6);

INSERT INTO COMMUNICATION_FAILS VALUES (CURRENT_TIMESTAMP, 'ping');
INSERT INTO COMMUNICATION_FAILS VALUES (DATEADD('MINUTE', -1, CURRENT_TIMESTAMP),'ping');
INSERT INTO COMMUNICATION_FAILS VALUES (DATEADD('HOUR', -2, CURRENT_TIMESTAMP), 'input');
INSERT INTO COMMUNICATION_FAILS VALUES (DATEADD('HOUR', -1, CURRENT_TIMESTAMP), 'xpto');
INSERT INTO COMMUNICATION_FAILS VALUES (DATEADD('HOUR', -3, CURRENT_TIMESTAMP), 'ping');
INSERT INTO COMMUNICATION_FAILS VALUES (DATEADD('MINUTE', 15, DATEADD('HOUR', -3, CURRENT_TIMESTAMP)), 'ping');
INSERT INTO COMMUNICATION_FAILS VALUES (DATEADD('MINUTE', 12, DATEADD('HOUR', -2, CURRENT_TIMESTAMP)), 'ping');
INSERT INTO COMMUNICATION_FAILS VALUES (DATEADD('MINUTE', 12, DATEADD('HOUR', -5, CURRENT_TIMESTAMP)), 'xpto');
INSERT INTO COMMUNICATION_FAILS VALUES (DATEADD('MINUTE', 15, DATEADD('HOUR', -5, CURRENT_TIMESTAMP)), 'ping');
INSERT INTO COMMUNICATION_FAILS VALUES (DATEADD('MINUTE', 13, DATEADD('HOUR', -6, CURRENT_TIMESTAMP)), 'ping');
INSERT INTO COMMUNICATION_FAILS VALUES (DATEADD('MINUTE', 11, DATEADD('HOUR', -5, CURRENT_TIMESTAMP)), 'xpto');

INSERT INTO PUMP_COMMANDS VALUES (CURRENT_TIMESTAMP, 'a', 10000);
INSERT INTO PUMP_COMMANDS VALUES (DATEADD('MINUTE', -1, CURRENT_TIMESTAMP), 'a', 20000);
INSERT INTO PUMP_COMMANDS VALUES (DATEADD('HOUR', -1, CURRENT_TIMESTAMP), 'b', 30000);
INSERT INTO PUMP_COMMANDS VALUES (DATEADD('HOUR', -2, CURRENT_TIMESTAMP), 'b', 20000);